{
  "body_names": [
    "base_link_01",
    "lb_link1_01",
    "lf_link1_01",
    "rb_link1_01",
    "rf_link1_01",
    "l_link1_01",
    "r_link1_01",
    "lb_link2_01",
    "lf_link2_01",
    "rb_link2_01",
    "rf_link2_01",
    "l_link2_01",
    "r_link2_01",
    "l_link3_01",
    "r_link3_01",
    "l_link4_01",
    "r_link4_01"
  ],
  "joint_names": [
    "dof_lb1",
    "dof_lf1",
    "dof_rb1",
    "dof_rf1",
    "dof_l1",
    "dof_r1",
    "dof_lb2",
    "dof_lf2",
    "dof_rb2",
    "dof_rf2",
    "dof_l2",
    "dof_r2",
    "dof_l3",
    "dof_r3",
    "dof_l4",
    "dof_r4"
  ],
  "masses": [
    2.111999988555908,
    0.2648000121116638,
    0.26910001039505005,
    0.2648000121116638,
    0.26910001039505005,
    0.11080000549554825,
    0.11080000549554825,
    0.1242000013589859,
    0.1242000013589859,
    0.1242000013589859,
    0.1242000013589859,
    0.2232999950647354,
    0.2232999950647354,
    0.2071000039577484,
    0.2071000039577484,
    0.05180000141263008,
    0.05180000141263008
  ],
  "masses_shape": [
    17
  ],
  "inertias": [
    [
      0.027583686634898186,
      -0.0008470015018247068,
      -0.0004985584528185427,
      -0.000847001385409385,
      0.14748741686344147,
      -5.63110279472312e-06,
      -0.0004985585110262036,
      -5.631100975733716e-06,
      0.17352230846881866
    ],
    [
      0.002044262830168009,
      5.5017702834447846e-05,
      -7.521136069499335e-08,
      5.5017702834447846e-05,
      0.0012310025049373507,
      5.13553715109083e-08,
      -7.521136069499335e-08,
      5.13553715109083e-08,
      0.003237504046410322
    ],
    [
      0.0020793559961020947,
      5.640221570502035e-05,
      -1.533303475298453e-07,
      5.640221570502035e-05,
      0.0012521950993686914,
      3.34160219495061e-08,
      -1.533303475298453e-07,
      3.34160219495061e-08,
      0.0032932553440332413
    ],
    [
      0.0020444050896912813,
      -5.5328364396700636e-05,
      -1.508318803189468e-07,
      -5.532834984478541e-05,
      0.0012312427861616015,
      -3.1942654743488674e-08,
      -1.508318803189468e-07,
      -3.1942654743488674e-08,
      0.003237882163375616
    ],
    [
      0.0020792128052562475,
      -5.608684659819119e-05,
      -7.656015554857731e-08,
      -5.608684659819119e-05,
      0.0012519507436081767,
      -5.235794375835212e-08,
      -7.656016975943203e-08,
      -5.235794375835212e-08,
      0.0032928709406405687
    ],
    [
      3.1362680601887405e-05,
      3.2147617901046033e-09,
      7.28792542759038e-07,
      3.214762012149208e-09,
      6.43944222247228e-05,
      -9.95678917092846e-09,
      7.287926564458758e-07,
      -9.95678917092846e-09,
      5.295472146826796e-05
    ],
    [
      3.134422513539903e-05,
      -4.5038390794616134e-08,
      -7.780415671732044e-07,
      -4.5038390794616134e-08,
      6.44025785732083e-05,
      9.006861034777103e-09,
      -7.780415671732044e-07,
      9.006864587490782e-09,
      5.2928848162991926e-05
    ],
    [
      0.00028262022533454,
      -1.618987433005259e-08,
      -3.8526650314452127e-08,
      -1.618987433005259e-08,
      0.0001278224226552993,
      -3.287259175976942e-08,
      -3.852664320902477e-08,
      -3.287259886519678e-08,
      0.00020859023788943887
    ],
    [
      0.0002826194104272872,
      -1.041095654130686e-09,
      3.5686646526755794e-08,
      -1.041095654130686e-09,
      0.000127826162497513,
      1.4451387642111513e-07,
      3.5686639421328437e-08,
      1.4451387642111513e-07,
      0.0002084034204017371
    ],
    [
      0.0002826194104272872,
      -1.0410965423091056e-09,
      3.568663231590108e-08,
      -1.0410965423091056e-09,
      0.00012782617704942822,
      1.4451359220402082e-07,
      3.568663231590108e-08,
      1.4451359220402082e-07,
      0.00020840339129790664
    ],
    [
      0.00028262022533454,
      1.618987610640943e-08,
      -3.852663610359741e-08,
      1.618987610640943e-08,
      0.00012782240810338408,
      3.2872307542675117e-08,
      -3.852663610359741e-08,
      3.2872307542675117e-08,
      0.00020859026699326932
    ],
    [
      0.0053108022548258305,
      0.0003577985626179725,
      1.364271156489849e-06,
      0.0003577985626179725,
      0.00012722605606541038,
      -6.303164809651207e-06,
      1.364271156489849e-06,
      -6.303164354903856e-06,
      0.0053837718442082405
    ],
    [
      0.005311504937708378,
      -0.0003579561016522348,
      -1.2997043086215854e-06,
      -0.00035795607254840434,
      0.0001271623041247949,
      -5.78546678298153e-06,
      -1.2996970326639712e-06,
      -5.785467237728881e-06,
      0.005384470336139202
    ],
    [
      0.006096319295465946,
      5.391740955928981e-07,
      2.1934738470008597e-09,
      5.391741524363169e-07,
      3.732225377461873e-05,
      7.922023996798089e-07,
      2.1934738470008597e-09,
      7.922023996798089e-07,
      0.0060907527804374695
    ],
    [
      0.006101767532527447,
      -6.257024551814538e-07,
      -2.1538653527386487e-08,
      -6.257024551814538e-07,
      3.727317016455345e-05,
      5.54450878098578e-07,
      -2.153683453798294e-08,
      5.54450878098578e-07,
      0.006096241530030966
    ],
    [
      1.783062907634303e-05,
      -4.92942966445753e-08,
      2.2678158018152317e-08,
      -4.929433927713944e-08,
      2.1988058506394736e-05,
      -1.0413614859317022e-08,
      2.2678158018152317e-08,
      -1.0413614859317022e-08,
      2.3313425117521547e-05
    ],
    [
      1.7831785953603685e-05,
      5.352092102839379e-09,
      -6.660338058850357e-09,
      5.352093879196218e-09,
      2.2062364223529585e-05,
      -9.589086857886286e-09,
      -6.660338058850357e-09,
      -9.589086857886286e-09,
      2.337905789318029e-05
    ]
  ],
  "inertias_shape": [
    17,
    9
  ],